,Location,Address,Resolved Address,Date time,Maximum Temperature,Minimum Temperature,Temperature,Wind Chill,Heat Index,Precipitation,Snow Depth,Wind Speed,Wind Gust,Cloud Cover,Relative Humidity,Conditions
0,Vanderbilt University,"2201 West End Ave, Nashville, TN 37203, United States","2201 West End Ave, Nashville, TN 37203, United States",01/01/2019,54.6,45.3,49.4,42.5,,,,9.7,,39.5,78.09,Partially cloudy
1,Vanderbilt University,"2201 West End Ave, Nashville, TN 37203, United States","2201 West End Ave, Nashville, TN 37203, United States",01/02/2019,46.7,43.3,45.1,40.7,,0.4,,6.2,,40.1,85.33,"Rain, Partially cloudy"
2,Vanderbilt University,"2201 West End Ave, Nashville, TN 37203, United States","2201 West End Ave, Nashville, TN 37203, United States",01/03/2019,43.6,40.0,42.4,34.2,,0.1,,9.1,,40.9,88.02,"Rain, Partially cloudy"
3,Vanderbilt University,"2201 West End Ave, Nashville, TN 37203, United States","2201 West End Ave, Nashville, TN 37203, United States",01/04/2019,56.4,41.8,47.4,35.9,,0.3,,15.0,29.8,39.5,89.77,"Rain, Partially cloudy"
4,Vanderbilt University,"2201 West End Ave, Nashville, TN 37203, United States","2201 West End Ave, Nashville, TN 37203, United States",01/05/2019,59.5,36.7,45.7,33.4,,,,9.6,,6.2,74.53,Clear
5,Vanderbilt University,"2201 West End Ave, Nashville, TN 37203, United States","2201 West End Ave, Nashville, TN 37203, United States",01/06/2019,63.3,34.5,48.2,47.5,,,,5.9,,17.6,73.94,Clear
6,Vanderbilt University,"2201 West End Ave, Nashville, TN 37203, United States","2201 West End Ave, Nashville, TN 37203, United States",01/07/2019,64.3,45.2,56.9,47.5,,,,19.4,31.1,35.0,58.46,Partially cloudy
7,Vanderbilt University,"2201 West End Ave, Nashville, TN 37203, United States","2201 West End Ave, Nashville, TN 37203, United States",01/08/2019,69.9,45.4,58.8,42.4,,,,22.6,36.7,24.4,58.54,Clear
8,Vanderbilt University,"2201 West End Ave, Nashville, TN 37203, United States","2201 West End Ave, Nashville, TN 37203, United States",01/09/2019,46.7,30.5,40.2,22.6,,,,16.7,29.8,1.2,45.25,Clear
9,Vanderbilt University,"2201 West End Ave, Nashville, TN 37203, United States","2201 West End Ave, Nashville, TN 37203, United States",01/10/2019,36.2,23.5,29.4,13.3,,,,9.9,,13.7,57.74,Clear
10,Vanderbilt University,"2201 West End Ave, Nashville, TN 37203, United States","2201 West End Ave, Nashville, TN 37203, United States",01/11/2019,41.9,23.3,34.0,17.0,,,,5.3,,27.0,58.53,Partially cloudy
11,Vanderbilt University,"2201 West End Ave, Nashville, TN 37203, United States","2201 West End Ave, Nashville, TN 37203, United States",01/12/2019,50.1,36.3,42.8,31.7,,0.3,,9.9,29.8,43.1,81.28,"Rain, Partially cloudy"
12,Vanderbilt University,"2201 West End Ave, Nashville, TN 37203, United States","2201 West End Ave, Nashville, TN 37203, United States",01/13/2019,46.7,36.6,42.9,30.2,,0.1,,12.3,,40.1,92.54,"Rain, Partially cloudy"
13,Vanderbilt University,"2201 West End Ave, Nashville, TN 37203, United States","2201 West End Ave, Nashville, TN 37203, United States",01/14/2019,37.6,34.4,36.0,27.8,,,,8.5,,40.2,85.19,Partially cloudy
14,Vanderbilt University,"2201 West End Ave, Nashville, TN 37203, United States","2201 West End Ave, Nashville, TN 37203, United States",01/15/2019,37.3,32.6,35.3,30.0,,,,6.6,,39.9,77.87,Partially cloudy
15,Vanderbilt University,"2201 West End Ave, Nashville, TN 37203, United States","2201 West End Ave, Nashville, TN 37203, United States",01/16/2019,46.7,28.2,38.4,24.4,,,,6.2,,25.9,79.51,Partially cloudy
16,Vanderbilt University,"2201 West End Ave, Nashville, TN 37203, United States","2201 West End Ave, Nashville, TN 37203, United States",01/17/2019,48.1,40.1,44.6,35.1,,0.4,,9.7,,40.8,89.95,"Rain, Partially cloudy"
17,Vanderbilt University,"2201 West End Ave, Nashville, TN 37203, United States","2201 West End Ave, Nashville, TN 37203, United States",01/18/2019,48.1,41.8,45.6,38.3,,,,9.6,,39.4,88.18,Partially cloudy
18,Vanderbilt University,"2201 West End Ave, Nashville, TN 37203, United States","2201 West End Ave, Nashville, TN 37203, United States",01/19/2019,59.5,31.0,48.8,19.3,,1.8,,18.4,32.2,41.1,90.85,"Rain, Partially cloudy"
19,Vanderbilt University,"2201 West End Ave, Nashville, TN 37203, United States","2201 West End Ave, Nashville, TN 37203, United States",01/20/2019,30.1,23.0,26.4,12.9,,,,18.3,37.8,39.1,72.22,Partially cloudy
20,Vanderbilt University,"2201 West End Ave, Nashville, TN 37203, United States","2201 West End Ave, Nashville, TN 37203, United States",01/21/2019,30.6,17.7,24.5,9.3,,,,10.4,,21.6,56.34,Clear
21,Vanderbilt University,"2201 West End Ave, Nashville, TN 37203, United States","2201 West End Ave, Nashville, TN 37203, United States",01/22/2019,52.4,26.0,41.1,17.6,,,,18.7,33.2,25.6,50.84,Partially cloudy
22,Vanderbilt University,"2201 West End Ave, Nashville, TN 37203, United States","2201 West End Ave, Nashville, TN 37203, United States",01/23/2019,54.3,32.6,48.8,22.5,,0.9,,24.1,37.8,41.1,83.11,"Rain, Partially cloudy"
23,Vanderbilt University,"2201 West End Ave, Nashville, TN 37203, United States","2201 West End Ave, Nashville, TN 37203, United States",01/24/2019,41.1,29.0,34.0,18.7,,,,15.0,,52.7,66.06,Partially cloudy
24,Vanderbilt University,"2201 West End Ave, Nashville, TN 37203, United States","2201 West End Ave, Nashville, TN 37203, United States",01/25/2019,36.2,23.4,30.0,15.8,,,,10.8,,19.7,53.78,Clear
25,Vanderbilt University,"2201 West End Ave, Nashville, TN 37203, United States","2201 West End Ave, Nashville, TN 37203, United States",01/26/2019,48.1,29.0,37.9,24.8,,,,11.4,,25.0,57.48,Clear
26,Vanderbilt University,"2201 West End Ave, Nashville, TN 37203, United States","2201 West End Ave, Nashville, TN 37203, United States",01/27/2019,52.6,34.3,42.7,34.3,,,,10.4,,21.8,65.64,Clear
27,Vanderbilt University,"2201 West End Ave, Nashville, TN 37203, United States","2201 West End Ave, Nashville, TN 37203, United States",01/28/2019,57.7,28.9,43.5,25.1,,,,17.4,31.9,29.4,68.08,Partially cloudy
28,Vanderbilt University,"2201 West End Ave, Nashville, TN 37203, United States","2201 West End Ave, Nashville, TN 37203, United States",01/29/2019,32.8,21.1,26.8,9.1,,,,16.8,33.3,19.4,49.65,Clear
29,Vanderbilt University,"2201 West End Ave, Nashville, TN 37203, United States","2201 West End Ave, Nashville, TN 37203, United States",01/30/2019,28.2,16.7,21.6,7.3,,,,13.9,,24.3,45.53,Clear
30,Vanderbilt University,"2201 West End Ave, Nashville, TN 37203, United States","2201 West End Ave, Nashville, TN 37203, United States",01/31/2019,41.6,16.0,28.4,5.9,,,,7.8,,33.5,44.22,Partially cloudy
31,Vanderbilt University,"2201 West End Ave, Nashville, TN 37203, United States","2201 West End Ave, Nashville, TN 37203, United States",02/01/2019,56.0,38.3,47.8,35.3,,,,11.7,,42.5,50.57,Partially cloudy
32,Vanderbilt University,"2201 West End Ave, Nashville, TN 37203, United States","2201 West End Ave, Nashville, TN 37203, United States",02/02/2019,64.7,43.2,50.9,41.5,,,,5.5,,33.6,59.08,Partially cloudy
33,Vanderbilt University,"2201 West End Ave, Nashville, TN 37203, United States","2201 West End Ave, Nashville, TN 37203, United States",02/03/2019,68.0,38.7,52.8,,,,,11.3,,20.1,70.24,Clear
34,Vanderbilt University,"2201 West End Ave, Nashville, TN 37203, United States","2201 West End Ave, Nashville, TN 37203, United States",02/04/2019,66.1,48.2,57.5,46.6,,,,15.9,31.1,36.3,84.28,Partially cloudy
35,Vanderbilt University,"2201 West End Ave, Nashville, TN 37203, United States","2201 West End Ave, Nashville, TN 37203, United States",02/05/2019,72.2,54.4,64.3,,,,,10.5,,40.2,80.25,Partially cloudy
36,Vanderbilt University,"2201 West End Ave, Nashville, TN 37203, United States","2201 West End Ave, Nashville, TN 37203, United States",02/06/2019,69.5,59.1,63.8,,,3.7,,14.3,31.1,40.0,89.38,"Rain, Partially cloudy"
37,Vanderbilt University,"2201 West End Ave, Nashville, TN 37203, United States","2201 West End Ave, Nashville, TN 37203, United States",02/07/2019,76.3,43.7,65.6,37.2,,0.5,,24.2,43.7,54.0,77.95,"Rain, Partially cloudy"
38,Vanderbilt University,"2201 West End Ave, Nashville, TN 37203, United States","2201 West End Ave, Nashville, TN 37203, United States",02/08/2019,40.8,25.3,31.1,15.1,,,,18.2,,34.1,59.81,Partially cloudy
39,Vanderbilt University,"2201 West End Ave, Nashville, TN 37203, United States","2201 West End Ave, Nashville, TN 37203, United States",02/09/2019,41.6,21.6,31.4,10.5,,,,13.1,,32.1,54.41,Partially cloudy
40,Vanderbilt University,"2201 West End Ave, Nashville, TN 37203, United States","2201 West End Ave, Nashville, TN 37203, United States",02/10/2019,46.3,36.2,41.4,31.5,,0.8,,8.8,,41.5,79.35,"Rain, Partially cloudy"
41,Vanderbilt University,"2201 West End Ave, Nashville, TN 37203, United States","2201 West End Ave, Nashville, TN 37203, United States",02/11/2019,59.1,46.7,52.8,44.0,,0.1,,13.0,,40.1,90.63,"Rain, Partially cloudy"
42,Vanderbilt University,"2201 West End Ave, Nashville, TN 37203, United States","2201 West End Ave, Nashville, TN 37203, United States",02/12/2019,60.6,39.4,52.2,34.8,,0.9,,21.7,34.9,30.9,79.65,"Rain, Partially cloudy"
43,Vanderbilt University,"2201 West End Ave, Nashville, TN 37203, United States","2201 West End Ave, Nashville, TN 37203, United States",02/13/2019,52.2,33.9,41.7,27.9,,,,13.9,,10.1,49.01,Clear
44,Vanderbilt University,"2201 West End Ave, Nashville, TN 37203, United States","2201 West End Ave, Nashville, TN 37203, United States",02/14/2019,59.5,39.0,51.5,36.6,,,,19.2,39.1,33.3,44.87,Partially cloudy
45,Vanderbilt University,"2201 West End Ave, Nashville, TN 37203, United States","2201 West End Ave, Nashville, TN 37203, United States",02/15/2019,56.1,36.3,46.8,28.3,,0.4,,11.9,,38.8,76.43,"Rain, Partially cloudy"
46,Vanderbilt University,"2201 West End Ave, Nashville, TN 37203, United States","2201 West End Ave, Nashville, TN 37203, United States",02/16/2019,43.2,32.6,37.5,24.2,,0.3,,12.0,,39.1,81.08,"Rain, Partially cloudy"
47,Vanderbilt University,"2201 West End Ave, Nashville, TN 37203, United States","2201 West End Ave, Nashville, TN 37203, United States",02/17/2019,48.5,40.5,43.7,35.8,,1.5,,9.5,,40.2,90.24,"Rain, Partially cloudy"
48,Vanderbilt University,"2201 West End Ave, Nashville, TN 37203, United States","2201 West End Ave, Nashville, TN 37203, United States",02/18/2019,41.5,32.1,36.7,24.1,,,,12.3,,41.7,67.63,Partially cloudy
49,Vanderbilt University,"2201 West End Ave, Nashville, TN 37203, United States","2201 West End Ave, Nashville, TN 37203, United States",02/19/2019,40.0,30.5,35.6,22.9,,0.7,,11.6,,36.7,75.42,"Rain, Partially cloudy"
50,Vanderbilt University,"2201 West End Ave, Nashville, TN 37203, United States","2201 West End Ave, Nashville, TN 37203, United States",02/20/2019,55.6,41.6,50.4,36.0,,1.3,,19.4,37.2,40.2,91.18,"Rain, Partially cloudy"
51,Vanderbilt University,"2201 West End Ave, Nashville, TN 37203, United States","2201 West End Ave, Nashville, TN 37203, United States",02/21/2019,51.9,41.1,46.8,41.3,,0.3,,9.2,,40.4,79.8,"Rain, Partially cloudy"
52,Vanderbilt University,"2201 West End Ave, Nashville, TN 37203, United States","2201 West End Ave, Nashville, TN 37203, United States",02/22/2019,50.0,44.8,46.9,40.1,,0.8,,8.7,,41.4,93.31,"Rain, Partially cloudy"
53,Vanderbilt University,"2201 West End Ave, Nashville, TN 37203, United States","2201 West End Ave, Nashville, TN 37203, United States",02/23/2019,67.2,50.6,57.9,,,1.9,,16.7,,40.0,92.27,"Rain, Partially cloudy"
54,Vanderbilt University,"2201 West End Ave, Nashville, TN 37203, United States","2201 West End Ave, Nashville, TN 37203, United States",02/24/2019,65.3,41.7,51.1,35.2,,,,22.9,43.5,16.7,44.03,Clear
55,Vanderbilt University,"2201 West End Ave, Nashville, TN 37203, United States","2201 West End Ave, Nashville, TN 37203, United States",02/25/2019,50.9,32.7,41.7,27.0,,,,7.8,,18.4,43.48,Clear
56,Vanderbilt University,"2201 West End Ave, Nashville, TN 37203, United States","2201 West End Ave, Nashville, TN 37203, United States",02/26/2019,64.3,31.8,47.5,,,,,5.4,,18.2,54.35,Clear
57,Vanderbilt University,"2201 West End Ave, Nashville, TN 37203, United States","2201 West End Ave, Nashville, TN 37203, United States",02/27/2019,70.2,37.3,54.0,41.5,,,,9.3,,25.0,61.34,Clear
58,Vanderbilt University,"2201 West End Ave, Nashville, TN 37203, United States","2201 West End Ave, Nashville, TN 37203, United States",02/28/2019,51.9,40.0,45.2,35.7,,,,9.9,,39.2,75.97,Partially cloudy
59,Vanderbilt University,"2201 West End Ave, Nashville, TN 37203, United States","2201 West End Ave, Nashville, TN 37203, United States",03/01/2019,41.9,39.6,40.5,34.7,,,,7.8,,40.0,88.41,Partially cloudy
60,Vanderbilt University,"2201 West End Ave, Nashville, TN 37203, United States","2201 West End Ave, Nashville, TN 37203, United States",03/02/2019,42.9,39.5,41.3,34.7,,,,8.8,,40.2,79.01,Partially cloudy
61,Vanderbilt University,"2201 West End Ave, Nashville, TN 37203, United States","2201 West End Ave, Nashville, TN 37203, United States",03/03/2019,41.8,31.0,37.2,21.4,,0.5,,17.8,40.3,40.1,86.75,"Rain, Partially cloudy"
62,Vanderbilt University,"2201 West End Ave, Nashville, TN 37203, United States","2201 West End Ave, Nashville, TN 37203, United States",03/04/2019,30.4,20.9,25.1,9.8,,,,14.9,,28.6,58.21,Partially cloudy
63,Vanderbilt University,"2201 West End Ave, Nashville, TN 37203, United States","2201 West End Ave, Nashville, TN 37203, United States",03/05/2019,37.7,17.0,26.9,11.4,,,,15.6,,10.0,47.79,Clear
64,Vanderbilt University,"2201 West End Ave, Nashville, TN 37203, United States","2201 West End Ave, Nashville, TN 37203, United States",03/06/2019,41.0,18.2,29.7,12.4,,,,7.1,,12.4,49.64,Clear
65,Vanderbilt University,"2201 West End Ave, Nashville, TN 37203, United States","2201 West End Ave, Nashville, TN 37203, United States",03/07/2019,46.7,27.2,39.0,31.6,,,,7.6,,38.2,47.4,Partially cloudy
66,Vanderbilt University,"2201 West End Ave, Nashville, TN 37203, United States","2201 West End Ave, Nashville, TN 37203, United States",03/08/2019,50.5,39.9,46.0,35.6,,0.5,,6.6,,40.0,87.17,"Rain, Partially cloudy"
67,Vanderbilt University,"2201 West End Ave, Nashville, TN 37203, United States","2201 West End Ave, Nashville, TN 37203, United States",03/09/2019,66.1,49.0,58.5,47.4,,1.8,,22.0,43.6,37.7,89.22,"Rain, Partially cloudy"
68,Vanderbilt University,"2201 West End Ave, Nashville, TN 37203, United States","2201 West End Ave, Nashville, TN 37203, United States",03/10/2019,66.5,51.3,58.3,,,,,11.1,,25.4,53.72,Partially cloudy
69,Vanderbilt University,"2201 West End Ave, Nashville, TN 37203, United States","2201 West End Ave, Nashville, TN 37203, United States",03/11/2019,59.8,45.3,50.7,43.2,,,,9.6,,37.3,58.94,Partially cloudy
70,Vanderbilt University,"2201 West End Ave, Nashville, TN 37203, United States","2201 West End Ave, Nashville, TN 37203, United States",03/12/2019,60.2,38.3,50.5,39.1,,,,9.2,,34.6,45.84,Partially cloudy
71,Vanderbilt University,"2201 West End Ave, Nashville, TN 37203, United States","2201 West End Ave, Nashville, TN 37203, United States",03/13/2019,75.1,50.8,63.2,,,,,19.9,37.0,48.8,44.07,Partially cloudy
72,Vanderbilt University,"2201 West End Ave, Nashville, TN 37203, United States","2201 West End Ave, Nashville, TN 37203, United States",03/14/2019,73.2,64.3,69.3,,,,,26.7,47.1,36.1,62.75,Partially cloudy
73,Vanderbilt University,"2201 West End Ave, Nashville, TN 37203, United States","2201 West End Ave, Nashville, TN 37203, United States",03/15/2019,60.6,44.0,50.0,40.8,,,,16.7,,26.1,50.44,Partially cloudy
74,Vanderbilt University,"2201 West End Ave, Nashville, TN 37203, United States","2201 West End Ave, Nashville, TN 37203, United States",03/16/2019,54.9,29.7,43.8,25.9,,,,14.9,,9.9,52.97,Clear
75,Vanderbilt University,"2201 West End Ave, Nashville, TN 37203, United States","2201 West End Ave, Nashville, TN 37203, United States",03/17/2019,61.6,30.3,46.6,39.9,,,,15.8,,5.9,46.63,Clear
76,Vanderbilt University,"2201 West End Ave, Nashville, TN 37203, United States","2201 West End Ave, Nashville, TN 37203, United States",03/18/2019,52.6,35.3,44.6,30.8,,,,10.0,,12.1,46.49,Clear
77,Vanderbilt University,"2201 West End Ave, Nashville, TN 37203, United States","2201 West End Ave, Nashville, TN 37203, United States",03/19/2019,56.3,29.9,44.1,,,,,7.3,,13.6,48.43,Clear
78,Vanderbilt University,"2201 West End Ave, Nashville, TN 37203, United States","2201 West End Ave, Nashville, TN 37203, United States",03/20/2019,66.1,32.3,50.2,,,,,10.3,,22.9,47.72,Clear
79,Vanderbilt University,"2201 West End Ave, Nashville, TN 37203, United States","2201 West End Ave, Nashville, TN 37203, United States",03/21/2019,59.2,44.2,50.7,40.0,,,,18.8,32.2,39.0,61.91,Partially cloudy
80,Vanderbilt University,"2201 West End Ave, Nashville, TN 37203, United States","2201 West End Ave, Nashville, TN 37203, United States",03/22/2019,68.0,33.8,50.9,43.8,,,,16.5,,1.5,51.23,Clear
81,Vanderbilt University,"2201 West End Ave, Nashville, TN 37203, United States","2201 West End Ave, Nashville, TN 37203, United States",03/23/2019,63.6,37.1,50.7,34.7,,,,10.5,,19.0,41.24,Clear
82,Vanderbilt University,"2201 West End Ave, Nashville, TN 37203, United States","2201 West End Ave, Nashville, TN 37203, United States",03/24/2019,70.3,41.7,55.7,,,,,12.2,,33.8,50.6,Partially cloudy
83,Vanderbilt University,"2201 West End Ave, Nashville, TN 37203, United States","2201 West End Ave, Nashville, TN 37203, United States",03/25/2019,66.4,49.0,56.7,43.6,,0.2,,18.4,,44.8,73.84,"Rain, Partially cloudy"
84,Vanderbilt University,"2201 West End Ave, Nashville, TN 37203, United States","2201 West End Ave, Nashville, TN 37203, United States",03/26/2019,56.1,38.1,47.9,31.9,,,,15.4,,13.1,44.12,Clear
85,Vanderbilt University,"2201 West End Ave, Nashville, TN 37203, United States","2201 West End Ave, Nashville, TN 37203, United States",03/27/2019,67.6,31.0,50.3,38.7,,,,8.2,,9.9,49.4,Clear
86,Vanderbilt University,"2201 West End Ave, Nashville, TN 37203, United States","2201 West End Ave, Nashville, TN 37203, United States",03/28/2019,73.3,46.6,60.3,45.1,,,,14.8,29.8,15.7,45.59,Clear
87,Vanderbilt University,"2201 West End Ave, Nashville, TN 37203, United States","2201 West End Ave, Nashville, TN 37203, United States",03/29/2019,70.2,53.7,61.9,,,,,10.6,,40.5,49.98,Partially cloudy
88,Vanderbilt University,"2201 West End Ave, Nashville, TN 37203, United States","2201 West End Ave, Nashville, TN 37203, United States",03/30/2019,72.1,41.5,61.3,34.1,,0.4,,23.4,42.4,41.0,63.68,"Rain, Partially cloudy"
89,Vanderbilt University,"2201 West End Ave, Nashville, TN 37203, United States","2201 West End Ave, Nashville, TN 37203, United States",03/31/2019,49.4,36.6,42.5,30.2,,,,14.0,33.1,31.2,58.29,Partially cloudy
0,Vanderbilt University,"2201 West End Ave, Nashville, TN 37203, United States","2201 West End Ave, Nashville, TN 37203, United States",04/01/2019,54.3,30.5,42.0,24.9,,,,13.0,,22.8,44.69,Clear
1,Vanderbilt University,"2201 West End Ave, Nashville, TN 37203, United States","2201 West End Ave, Nashville, TN 37203, United States",04/02/2019,63.2,40.4,51.5,39.6,,,,14.5,,13.3,43.61,Clear
2,Vanderbilt University,"2201 West End Ave, Nashville, TN 37203, United States","2201 West End Ave, Nashville, TN 37203, United States",04/03/2019,71.7,37.3,56.3,,,,,8.5,,21.1,48.72,Clear
3,Vanderbilt University,"2201 West End Ave, Nashville, TN 37203, United States","2201 West End Ave, Nashville, TN 37203, United States",04/04/2019,68.5,47.2,59.2,48.0,,,,16.1,31.1,38.1,55.29,Partially cloudy
4,Vanderbilt University,"2201 West End Ave, Nashville, TN 37203, United States","2201 West End Ave, Nashville, TN 37203, United States",04/05/2019,63.2,55.7,58.7,,,0.4,,7.7,,40.2,81.75,"Rain, Partially cloudy"
5,Vanderbilt University,"2201 West End Ave, Nashville, TN 37203, United States","2201 West End Ave, Nashville, TN 37203, United States",04/06/2019,77.5,48.2,63.6,,,,,6.3,,33.5,69.09,Partially cloudy
6,Vanderbilt University,"2201 West End Ave, Nashville, TN 37203, United States","2201 West End Ave, Nashville, TN 37203, United States",04/07/2019,73.3,60.9,65.3,,,0.9,,12.8,,43.4,85.13,"Rain, Partially cloudy"
7,Vanderbilt University,"2201 West End Ave, Nashville, TN 37203, United States","2201 West End Ave, Nashville, TN 37203, United States",04/08/2019,67.2,61.6,64.3,,,1.4,,9.0,,37.4,90.64,"Rain, Partially cloudy"
8,Vanderbilt University,"2201 West End Ave, Nashville, TN 37203, United States","2201 West End Ave, Nashville, TN 37203, United States",04/09/2019,79.6,58.0,67.8,,,,,14.0,,25.7,66.45,Partially cloudy
9,Vanderbilt University,"2201 West End Ave, Nashville, TN 37203, United States","2201 West End Ave, Nashville, TN 37203, United States",04/10/2019,82.7,49.3,67.0,,80.6,,,9.6,,12.1,47.99,Clear
10,Vanderbilt University,"2201 West End Ave, Nashville, TN 37203, United States","2201 West End Ave, Nashville, TN 37203, United States",04/11/2019,84.5,63.9,74.9,,83.3,,,26.7,39.1,45.1,47.92,Partially cloudy
11,Vanderbilt University,"2201 West End Ave, Nashville, TN 37203, United States","2201 West End Ave, Nashville, TN 37203, United States",04/12/2019,75.1,58.2,65.5,,,0.1,,17.6,34.4,41.2,66.7,"Rain, Partially cloudy"
12,Vanderbilt University,"2201 West End Ave, Nashville, TN 37203, United States","2201 West End Ave, Nashville, TN 37203, United States",04/13/2019,63.4,55.3,58.9,,,0.2,,7.1,,47.6,82.33,"Rain, Partially cloudy"
13,Vanderbilt University,"2201 West End Ave, Nashville, TN 37203, United States","2201 West End Ave, Nashville, TN 37203, United States",04/14/2019,73.7,45.3,60.6,38.7,,1.3,,27.4,40.9,40.3,74.28,"Rain, Partially cloudy"
14,Vanderbilt University,"2201 West End Ave, Nashville, TN 37203, United States","2201 West End Ave, Nashville, TN 37203, United States",04/15/2019,65.0,37.7,51.2,35.5,,,,10.6,,10.7,57.05,Clear
15,Vanderbilt University,"2201 West End Ave, Nashville, TN 37203, United States","2201 West End Ave, Nashville, TN 37203, United States",04/16/2019,78.9,43.6,62.6,,,,,16.3,,16.0,54.22,Clear
16,Vanderbilt University,"2201 West End Ave, Nashville, TN 37203, United States","2201 West End Ave, Nashville, TN 37203, United States",04/17/2019,78.2,56.3,68.4,,,,,16.5,,36.4,51.98,Partially cloudy
17,Vanderbilt University,"2201 West End Ave, Nashville, TN 37203, United States","2201 West End Ave, Nashville, TN 37203, United States",04/18/2019,77.5,59.5,68.0,,,0.7,,18.8,34.4,42.7,66.74,"Rain, Partially cloudy"
18,Vanderbilt University,"2201 West End Ave, Nashville, TN 37203, United States","2201 West End Ave, Nashville, TN 37203, United States",04/19/2019,59.5,43.3,50.0,37.9,,0.6,,16.8,,42.6,90.06,"Rain, Partially cloudy"
19,Vanderbilt University,"2201 West End Ave, Nashville, TN 37203, United States","2201 West End Ave, Nashville, TN 37203, United States",04/20/2019,50.0,40.0,44.3,32.8,,0.4,,12.6,,37.8,87.35,"Rain, Partially cloudy"
20,Vanderbilt University,"2201 West End Ave, Nashville, TN 37203, United States","2201 West End Ave, Nashville, TN 37203, United States",04/21/2019,73.6,36.6,55.1,,,,,6.1,,5.0,61.93,Clear
21,Vanderbilt University,"2201 West End Ave, Nashville, TN 37203, United States","2201 West End Ave, Nashville, TN 37203, United States",04/22/2019,82.3,45.2,64.6,,80.6,,,11.0,,7.7,55.91,Clear
22,Vanderbilt University,"2201 West End Ave, Nashville, TN 37203, United States","2201 West End Ave, Nashville, TN 37203, United States",04/23/2019,79.6,54.4,68.5,,,,,14.6,,27.1,56.35,Partially cloudy
23,Vanderbilt University,"2201 West End Ave, Nashville, TN 37203, United States","2201 West End Ave, Nashville, TN 37203, United States",04/24/2019,81.2,54.4,69.5,,80.7,,,9.8,,34.0,59.76,Partially cloudy
24,Vanderbilt University,"2201 West End Ave, Nashville, TN 37203, United States","2201 West End Ave, Nashville, TN 37203, United States",04/25/2019,75.5,61.3,67.5,,,0.2,,20.8,35.6,46.3,72.55,"Rain, Partially cloudy"
25,Vanderbilt University,"2201 West End Ave, Nashville, TN 37203, United States","2201 West End Ave, Nashville, TN 37203, United States",04/26/2019,71.4,51.4,63.0,,,,,20.9,36.7,20.3,55.56,Clear
26,Vanderbilt University,"2201 West End Ave, Nashville, TN 37203, United States","2201 West End Ave, Nashville, TN 37203, United States",04/27/2019,75.4,43.2,61.6,,,,,18.9,,22.5,52.36,Clear
27,Vanderbilt University,"2201 West End Ave, Nashville, TN 37203, United States","2201 West End Ave, Nashville, TN 37203, United States",04/28/2019,69.9,55.7,63.2,,,,,15.4,,23.0,58.68,Clear
28,Vanderbilt University,"2201 West End Ave, Nashville, TN 37203, United States","2201 West End Ave, Nashville, TN 37203, United States",04/29/2019,84.5,51.9,68.6,,83.3,,,13.6,,27.7,62.0,Partially cloudy
29,Vanderbilt University,"2201 West End Ave, Nashville, TN 37203, United States","2201 West End Ave, Nashville, TN 37203, United States",04/30/2019,86.4,60.5,73.3,,84.5,,,15.9,,29.1,57.53,Partially cloudy
30,Vanderbilt University,"2201 West End Ave, Nashville, TN 37203, United States","2201 West End Ave, Nashville, TN 37203, United States",05/01/2019,84.4,65.3,73.8,,84.9,,,17.8,32.2,39.5,66.58,Partially cloudy
31,Vanderbilt University,"2201 West End Ave, Nashville, TN 37203, United States","2201 West End Ave, Nashville, TN 37203, United States",05/02/2019,84.4,62.1,71.6,,85.2,0.4,,13.1,37.9,34.5,77.28,"Rain, Partially cloudy"
32,Vanderbilt University,"2201 West End Ave, Nashville, TN 37203, United States","2201 West End Ave, Nashville, TN 37203, United States",05/03/2019,73.7,64.2,68.7,,,0.2,,10.2,,37.5,84.82,"Rain, Partially cloudy"
33,Vanderbilt University,"2201 West End Ave, Nashville, TN 37203, United States","2201 West End Ave, Nashville, TN 37203, United States",05/04/2019,72.6,63.6,67.0,,,0.3,,8.0,,44.1,88.28,"Rain, Partially cloudy"
34,Vanderbilt University,"2201 West End Ave, Nashville, TN 37203, United States","2201 West End Ave, Nashville, TN 37203, United States",05/05/2019,68.0,56.8,62.3,,,0.1,,9.5,,32.3,84.83,"Rain, Partially cloudy"
35,Vanderbilt University,"2201 West End Ave, Nashville, TN 37203, United States","2201 West End Ave, Nashville, TN 37203, United States",05/06/2019,77.9,50.5,65.0,,,,,6.7,,16.9,67.32,Clear
36,Vanderbilt University,"2201 West End Ave, Nashville, TN 37203, United States","2201 West End Ave, Nashville, TN 37203, United States",05/07/2019,83.3,54.5,69.8,,82.4,,,6.3,,27.0,64.92,Partially cloudy
37,Vanderbilt University,"2201 West End Ave, Nashville, TN 37203, United States","2201 West End Ave, Nashville, TN 37203, United States",05/08/2019,87.9,60.0,74.5,,87.1,,,16.1,,18.2,62.32,Clear
38,Vanderbilt University,"2201 West End Ave, Nashville, TN 37203, United States","2201 West End Ave, Nashville, TN 37203, United States",05/09/2019,76.6,64.6,70.0,,,0.4,,20.0,42.5,39.3,78.8,"Rain, Partially cloudy"
39,Vanderbilt University,"2201 West End Ave, Nashville, TN 37203, United States","2201 West End Ave, Nashville, TN 37203, United States",05/10/2019,71.9,58.0,65.5,,,,,9.5,,43.0,84.62,Partially cloudy
40,Vanderbilt University,"2201 West End Ave, Nashville, TN 37203, United States","2201 West End Ave, Nashville, TN 37203, United States",05/11/2019,68.5,57.5,62.9,,,0.3,,8.7,,40.1,89.17,"Rain, Partially cloudy"
41,Vanderbilt University,"2201 West End Ave, Nashville, TN 37203, United States","2201 West End Ave, Nashville, TN 37203, United States",05/12/2019,66.2,56.4,61.0,,,,,9.0,,39.5,84.11,Partially cloudy
42,Vanderbilt University,"2201 West End Ave, Nashville, TN 37203, United States","2201 West End Ave, Nashville, TN 37203, United States",05/13/2019,63.9,51.2,57.1,,,,,11.7,,26.4,70.91,Partially cloudy
43,Vanderbilt University,"2201 West End Ave, Nashville, TN 37203, United States","2201 West End Ave, Nashville, TN 37203, United States",05/14/2019,70.6,44.1,57.8,,,,,6.4,,12.7,66.34,Clear
44,Vanderbilt University,"2201 West End Ave, Nashville, TN 37203, United States","2201 West End Ave, Nashville, TN 37203, United States",05/15/2019,68.1,49.2,58.7,,,0.1,,10.1,,45.4,80.39,"Rain, Partially cloudy"
45,Vanderbilt University,"2201 West End Ave, Nashville, TN 37203, United States","2201 West End Ave, Nashville, TN 37203, United States",05/16/2019,86.7,54.1,71.9,,87.8,,,9.3,,49.3,67.32,Partially cloudy
46,Vanderbilt University,"2201 West End Ave, Nashville, TN 37203, United States","2201 West End Ave, Nashville, TN 37203, United States",05/17/2019,87.9,69.4,79.0,,87.6,,,12.8,,53.2,57.65,Partially cloudy
47,Vanderbilt University,"2201 West End Ave, Nashville, TN 37203, United States","2201 West End Ave, Nashville, TN 37203, United States",05/18/2019,89.2,64.9,77.6,,89.9,,,17.1,,31.7,61.36,Partially cloudy
48,Vanderbilt University,"2201 West End Ave, Nashville, TN 37203, United States","2201 West End Ave, Nashville, TN 37203, United States",05/19/2019,80.1,70.1,74.0,,81.1,0.1,,16.4,,60.1,69.7,"Rain, Partially cloudy"
49,Vanderbilt University,"2201 West End Ave, Nashville, TN 37203, United States","2201 West End Ave, Nashville, TN 37203, United States",05/20/2019,85.3,65.4,74.7,,83.8,,,8.6,,15.7,64.13,Clear
50,Vanderbilt University,"2201 West End Ave, Nashville, TN 37203, United States","2201 West End Ave, Nashville, TN 37203, United States",05/21/2019,91.2,60.5,76.7,,91.9,,,15.1,,17.2,59.25,Clear
51,Vanderbilt University,"2201 West End Ave, Nashville, TN 37203, United States","2201 West End Ave, Nashville, TN 37203, United States",05/22/2019,90.2,72.2,81.2,,92.2,,,16.8,,27.5,56.56,Partially cloudy
52,Vanderbilt University,"2201 West End Ave, Nashville, TN 37203, United States","2201 West End Ave, Nashville, TN 37203, United States",05/23/2019,90.8,69.8,80.5,,91.9,,,13.8,,23.2,54.91,Clear
53,Vanderbilt University,"2201 West End Ave, Nashville, TN 37203, United States","2201 West End Ave, Nashville, TN 37203, United States",05/24/2019,91.7,65.8,79.7,,93.9,,,8.5,,19.7,66.31,Clear
54,Vanderbilt University,"2201 West End Ave, Nashville, TN 37203, United States","2201 West End Ave, Nashville, TN 37203, United States",05/25/2019,91.6,70.3,80.9,,92.8,,,14.8,,24.3,63.52,Clear
55,Vanderbilt University,"2201 West End Ave, Nashville, TN 37203, United States","2201 West End Ave, Nashville, TN 37203, United States",05/26/2019,92.1,66.9,80.4,,92.4,,,15.2,,19.1,60.78,Clear
56,Vanderbilt University,"2201 West End Ave, Nashville, TN 37203, United States","2201 West End Ave, Nashville, TN 37203, United States",05/27/2019,92.4,67.6,80.7,,94.7,,,11.7,,27.9,63.27,Partially cloudy
57,Vanderbilt University,"2201 West End Ave, Nashville, TN 37203, United States","2201 West End Ave, Nashville, TN 37203, United States",05/28/2019,91.7,72.0,82.3,,93.7,,,18.4,,26.1,60.7,Partially cloudy
58,Vanderbilt University,"2201 West End Ave, Nashville, TN 37203, United States","2201 West End Ave, Nashville, TN 37203, United States",05/29/2019,93.0,77.3,83.7,,92.7,,,17.6,33.3,28.6,52.21,Partially cloudy
59,Vanderbilt University,"2201 West End Ave, Nashville, TN 37203, United States","2201 West End Ave, Nashville, TN 37203, United States",05/30/2019,84.0,70.0,76.2,,86.2,,,15.3,,43.1,69.61,Partially cloudy
60,Vanderbilt University,"2201 West End Ave, Nashville, TN 37203, United States","2201 West End Ave, Nashville, TN 37203, United States",05/31/2019,83.8,65.2,74.6,,82.7,,,9.9,,22.1,62.26,Clear
61,Vanderbilt University,"2201 West End Ave, Nashville, TN 37203, United States","2201 West End Ave, Nashville, TN 37203, United States",06/01/2019,86.0,61.6,74.5,,85.1,,,10.7,,17.8,64.72,Clear
62,Vanderbilt University,"2201 West End Ave, Nashville, TN 37203, United States","2201 West End Ave, Nashville, TN 37203, United States",06/02/2019,89.1,66.4,77.8,,88.6,,,13.7,,35.5,59.05,Partially cloudy
63,Vanderbilt University,"2201 West End Ave, Nashville, TN 37203, United States","2201 West End Ave, Nashville, TN 37203, United States",06/03/2019,82.7,65.0,73.7,,80.7,,,9.2,,20.9,46.87,Clear
64,Vanderbilt University,"2201 West End Ave, Nashville, TN 37203, United States","2201 West End Ave, Nashville, TN 37203, United States",06/04/2019,86.4,61.1,74.4,,84.7,,,12.6,,34.7,48.9,Partially cloudy
65,Vanderbilt University,"2201 West End Ave, Nashville, TN 37203, United States","2201 West End Ave, Nashville, TN 37203, United States",06/05/2019,93.1,73.3,81.3,,96.1,,,14.0,,37.6,56.68,Partially cloudy
66,Vanderbilt University,"2201 West End Ave, Nashville, TN 37203, United States","2201 West End Ave, Nashville, TN 37203, United States",06/06/2019,78.5,71.7,74.6,,,0.1,,10.0,,42.1,80.37,"Rain, Partially cloudy"
67,Vanderbilt University,"2201 West End Ave, Nashville, TN 37203, United States","2201 West End Ave, Nashville, TN 37203, United States",06/07/2019,76.6,70.3,72.1,,,1.9,,8.1,,38.3,90.39,"Rain, Partially cloudy"
68,Vanderbilt University,"2201 West End Ave, Nashville, TN 37203, United States","2201 West End Ave, Nashville, TN 37203, United States",06/08/2019,82.2,70.3,74.7,,85.8,0.3,,9.3,,39.9,84.45,"Rain, Partially cloudy"
69,Vanderbilt University,"2201 West End Ave, Nashville, TN 37203, United States","2201 West End Ave, Nashville, TN 37203, United States",06/09/2019,85.2,72.5,76.6,,89.5,0.9,,10.0,,40.3,79.86,"Rain, Partially cloudy"
70,Vanderbilt University,"2201 West End Ave, Nashville, TN 37203, United States","2201 West End Ave, Nashville, TN 37203, United States",06/10/2019,80.8,65.1,74.5,,83.9,,,16.4,,28.9,71.73,Partially cloudy
71,Vanderbilt University,"2201 West End Ave, Nashville, TN 37203, United States","2201 West End Ave, Nashville, TN 37203, United States",06/11/2019,77.1,57.1,67.7,,,,,14.4,,22.5,55.21,Clear
72,Vanderbilt University,"2201 West End Ave, Nashville, TN 37203, United States","2201 West End Ave, Nashville, TN 37203, United States",06/12/2019,80.0,59.4,69.7,,,,,12.2,,54.9,62.04,Partially cloudy
73,Vanderbilt University,"2201 West End Ave, Nashville, TN 37203, United States","2201 West End Ave, Nashville, TN 37203, United States",06/13/2019,78.0,60.2,68.6,,,,,16.5,,28.4,53.82,Partially cloudy
74,Vanderbilt University,"2201 West End Ave, Nashville, TN 37203, United States","2201 West End Ave, Nashville, TN 37203, United States",06/14/2019,80.8,52.6,68.2,,79.8,,,13.3,,38.1,53.96,Partially cloudy
75,Vanderbilt University,"2201 West End Ave, Nashville, TN 37203, United States","2201 West End Ave, Nashville, TN 37203, United States",06/15/2019,88.0,68.8,78.5,,88.0,,,19.7,31.1,52.8,50.86,Partially cloudy
76,Vanderbilt University,"2201 West End Ave, Nashville, TN 37203, United States","2201 West End Ave, Nashville, TN 37203, United States",06/16/2019,91.7,73.3,81.9,,94.9,,,17.2,,53.8,59.56,Partially cloudy
77,Vanderbilt University,"2201 West End Ave, Nashville, TN 37203, United States","2201 West End Ave, Nashville, TN 37203, United States",06/17/2019,89.0,70.8,78.5,,92.2,0.3,,10.9,35.6,78.4,71.55,"Rain, Overcast"
78,Vanderbilt University,"2201 West End Ave, Nashville, TN 37203, United States","2201 West End Ave, Nashville, TN 37203, United States",06/18/2019,84.7,70.1,76.3,,87.6,1.0,,8.2,,88.1,77.75,"Rain, Overcast"
79,Vanderbilt University,"2201 West End Ave, Nashville, TN 37203, United States","2201 West End Ave, Nashville, TN 37203, United States",06/19/2019,88.0,70.0,78.7,,92.4,0.9,,15.1,43.4,81.7,73.24,"Rain, Overcast"
80,Vanderbilt University,"2201 West End Ave, Nashville, TN 37203, United States","2201 West End Ave, Nashville, TN 37203, United States",06/20/2019,84.1,70.3,75.5,,86.3,0.1,,12.8,,40.0,76.98,"Rain, Partially cloudy"
81,Vanderbilt University,"2201 West End Ave, Nashville, TN 37203, United States","2201 West End Ave, Nashville, TN 37203, United States",06/21/2019,90.9,65.8,77.3,,97.1,0.1,,12.4,49.7,46.9,73.32,"Rain, Partially cloudy"
82,Vanderbilt University,"2201 West End Ave, Nashville, TN 37203, United States","2201 West End Ave, Nashville, TN 37203, United States",06/22/2019,87.8,67.6,75.2,,91.8,0.2,,16.8,38.1,56.7,79.49,"Rain, Partially cloudy"
83,Vanderbilt University,"2201 West End Ave, Nashville, TN 37203, United States","2201 West End Ave, Nashville, TN 37203, United States",06/23/2019,91.0,69.0,79.8,,99.4,0.1,,13.7,32.2,58.6,71.33,"Rain, Partially cloudy"
84,Vanderbilt University,"2201 West End Ave, Nashville, TN 37203, United States","2201 West End Ave, Nashville, TN 37203, United States",06/24/2019,83.9,70.4,76.5,,86.7,0.5,,16.3,35.6,60.9,76.08,"Rain, Partially cloudy"
85,Vanderbilt University,"2201 West End Ave, Nashville, TN 37203, United States","2201 West End Ave, Nashville, TN 37203, United States",06/25/2019,88.0,69.8,78.4,,88.5,,,8.5,,51.1,66.74,Partially cloudy
86,Vanderbilt University,"2201 West End Ave, Nashville, TN 37203, United States","2201 West End Ave, Nashville, TN 37203, United States",06/26/2019,89.7,69.9,79.3,,95.4,1.2,,16.7,48.3,54.8,73.31,"Rain, Partially cloudy"
87,Vanderbilt University,"2201 West End Ave, Nashville, TN 37203, United States","2201 West End Ave, Nashville, TN 37203, United States",06/27/2019,88.9,67.9,75.9,,92.1,0.5,,19.5,39.1,69.0,74.0,"Rain, Partially cloudy"
88,Vanderbilt University,"2201 West End Ave, Nashville, TN 37203, United States","2201 West End Ave, Nashville, TN 37203, United States",06/28/2019,89.7,66.7,78.5,,92.2,,,8.9,,71.8,68.62,Partially cloudy
89,Vanderbilt University,"2201 West End Ave, Nashville, TN 37203, United States","2201 West End Ave, Nashville, TN 37203, United States",06/29/2019,91.1,71.7,81.8,,94.2,,,7.5,,58.3,64.55,Partially cloudy
90,Vanderbilt University,"2201 West End Ave, Nashville, TN 37203, United States","2201 West End Ave, Nashville, TN 37203, United States",06/30/2019,92.8,72.8,83.2,,97.5,,,9.0,,53.7,64.01,Partially cloudy
0,Vanderbilt University,"2201 West End Ave, Nashville, TN 37203, United States","2201 West End Ave, Nashville, TN 37203, United States",07/01/2019,92.7,71.9,82.5,,96.0,,,12.2,,25.8,61.86,Partially cloudy
1,Vanderbilt University,"2201 West End Ave, Nashville, TN 37203, United States","2201 West End Ave, Nashville, TN 37203, United States",07/02/2019,91.0,72.9,82.1,,96.5,,,10.6,,47.4,68.45,Partially cloudy
2,Vanderbilt University,"2201 West End Ave, Nashville, TN 37203, United States","2201 West End Ave, Nashville, TN 37203, United States",07/03/2019,90.5,73.2,81.3,,95.2,0.2,,7.2,,74.8,70.86,"Rain, Partially cloudy"
3,Vanderbilt University,"2201 West End Ave, Nashville, TN 37203, United States","2201 West End Ave, Nashville, TN 37203, United States",07/04/2019,88.8,71.6,76.7,,96.3,0.2,,16.0,31.2,77.5,83.09,"Rain, Overcast"
4,Vanderbilt University,"2201 West End Ave, Nashville, TN 37203, United States","2201 West End Ave, Nashville, TN 37203, United States",07/05/2019,89.9,71.7,80.5,,98.1,,,11.1,,64.7,76.01,Partially cloudy
5,Vanderbilt University,"2201 West End Ave, Nashville, TN 37203, United States","2201 West End Ave, Nashville, TN 37203, United States",07/06/2019,91.9,71.7,79.8,,98.0,0.1,,9.8,31.1,55.7,74.27,"Rain, Partially cloudy"
6,Vanderbilt University,"2201 West End Ave, Nashville, TN 37203, United States","2201 West End Ave, Nashville, TN 37203, United States",07/07/2019,92.5,74.8,80.5,,102.0,0.4,,8.8,34.4,84.7,77.6,"Rain, Overcast"
7,Vanderbilt University,"2201 West End Ave, Nashville, TN 37203, United States","2201 West End Ave, Nashville, TN 37203, United States",07/08/2019,92.7,73.8,83.3,,100.7,,,10.3,,46.8,70.1,Partially cloudy
8,Vanderbilt University,"2201 West End Ave, Nashville, TN 37203, United States","2201 West End Ave, Nashville, TN 37203, United States",07/09/2019,94.8,75.4,84.9,,101.3,,,6.8,,37.5,62.39,Partially cloudy
9,Vanderbilt University,"2201 West End Ave, Nashville, TN 37203, United States","2201 West End Ave, Nashville, TN 37203, United States",07/10/2019,91.2,74.7,81.9,,98.4,,,10.2,,50.3,73.17,Partially cloudy
10,Vanderbilt University,"2201 West End Ave, Nashville, TN 37203, United States","2201 West End Ave, Nashville, TN 37203, United States",07/11/2019,93.4,74.1,82.7,,102.3,,,10.3,,43.0,71.38,Partially cloudy
11,Vanderbilt University,"2201 West End Ave, Nashville, TN 37203, United States","2201 West End Ave, Nashville, TN 37203, United States",07/12/2019,91.7,72.9,82.7,,95.7,,,9.8,,26.4,67.07,Partially cloudy
12,Vanderbilt University,"2201 West End Ave, Nashville, TN 37203, United States","2201 West End Ave, Nashville, TN 37203, United States",07/13/2019,93.4,74.8,82.4,,99.8,,,14.3,,37.9,69.99,Partially cloudy
13,Vanderbilt University,"2201 West End Ave, Nashville, TN 37203, United States","2201 West End Ave, Nashville, TN 37203, United States",07/14/2019,86.1,73.7,78.7,,90.0,,,9.1,,40.9,79.03,Partially cloudy
14,Vanderbilt University,"2201 West End Ave, Nashville, TN 37203, United States","2201 West End Ave, Nashville, TN 37203, United States",07/15/2019,85.6,72.2,77.3,,90.3,,,12.9,,42.4,79.37,Partially cloudy
15,Vanderbilt University,"2201 West End Ave, Nashville, TN 37203, United States","2201 West End Ave, Nashville, TN 37203, United States",07/16/2019,90.8,75.8,81.4,,96.1,,,18.2,32.2,40.9,69.86,Partially cloudy
16,Vanderbilt University,"2201 West End Ave, Nashville, TN 37203, United States","2201 West End Ave, Nashville, TN 37203, United States",07/17/2019,89.3,75.5,81.1,,99.5,,,14.2,,40.9,77.76,Partially cloudy
17,Vanderbilt University,"2201 West End Ave, Nashville, TN 37203, United States","2201 West End Ave, Nashville, TN 37203, United States",07/18/2019,89.5,72.6,78.9,,99.3,0.2,,14.3,29.8,40.9,81.45,"Rain, Partially cloudy"
18,Vanderbilt University,"2201 West End Ave, Nashville, TN 37203, United States","2201 West End Ave, Nashville, TN 37203, United States",07/19/2019,93.8,73.2,83.6,,101.6,,,9.2,,34.2,71.96,Partially cloudy
19,Vanderbilt University,"2201 West End Ave, Nashville, TN 37203, United States","2201 West End Ave, Nashville, TN 37203, United States",07/20/2019,93.8,74.4,83.5,,101.5,0.5,,18.6,37.8,30.9,71.46,"Rain, Partially cloudy"
20,Vanderbilt University,"2201 West End Ave, Nashville, TN 37203, United States","2201 West End Ave, Nashville, TN 37203, United States",07/21/2019,87.9,71.7,78.9,,97.0,0.1,,9.6,,34.1,82.03,"Rain, Partially cloudy"
21,Vanderbilt University,"2201 West End Ave, Nashville, TN 37203, United States","2201 West End Ave, Nashville, TN 37203, United States",07/22/2019,89.3,71.8,78.3,,97.9,2.4,,13.7,,39.0,84.57,"Rain, Partially cloudy"
22,Vanderbilt University,"2201 West End Ave, Nashville, TN 37203, United States","2201 West End Ave, Nashville, TN 37203, United States",07/23/2019,82.3,67.3,73.6,,82.0,0.2,,15.9,,35.9,67.81,"Rain, Partially cloudy"
23,Vanderbilt University,"2201 West End Ave, Nashville, TN 37203, United States","2201 West End Ave, Nashville, TN 37203, United States",07/24/2019,83.0,60.5,72.6,,82.2,,,12.1,,6.2,60.92,Clear
24,Vanderbilt University,"2201 West End Ave, Nashville, TN 37203, United States","2201 West End Ave, Nashville, TN 37203, United States",07/25/2019,85.6,58.7,73.2,,83.5,,,7.5,,6.8,61.6,Clear
25,Vanderbilt University,"2201 West End Ave, Nashville, TN 37203, United States","2201 West End Ave, Nashville, TN 37203, United States",07/26/2019,89.0,63.2,76.6,,87.5,,,7.4,,17.2,62.15,Clear
26,Vanderbilt University,"2201 West End Ave, Nashville, TN 37203, United States","2201 West End Ave, Nashville, TN 37203, United States",07/27/2019,90.8,65.2,78.5,,90.7,,,9.5,,15.7,65.58,Clear
27,Vanderbilt University,"2201 West End Ave, Nashville, TN 37203, United States","2201 West End Ave, Nashville, TN 37203, United States",07/28/2019,91.6,68.0,80.3,,92.4,,,9.1,,16.8,64.3,Clear
28,Vanderbilt University,"2201 West End Ave, Nashville, TN 37203, United States","2201 West End Ave, Nashville, TN 37203, United States",07/29/2019,91.6,68.4,80.5,,92.6,,,12.7,,21.7,64.38,Clear
29,Vanderbilt University,"2201 West End Ave, Nashville, TN 37203, United States","2201 West End Ave, Nashville, TN 37203, United States",07/30/2019,89.5,72.2,78.6,,93.0,0.7,,11.5,,41.3,74.97,"Rain, Partially cloudy"
30,Vanderbilt University,"2201 West End Ave, Nashville, TN 37203, United States","2201 West End Ave, Nashville, TN 37203, United States",07/31/2019,89.4,68.8,79.2,,91.6,,,9.6,,25.0,70.17,Clear
31,Vanderbilt University,"2201 West End Ave, Nashville, TN 37203, United States","2201 West End Ave, Nashville, TN 37203, United States",08/01/2019,90.4,69.5,79.9,,93.3,,,11.4,,27.2,65.08,Partially cloudy
32,Vanderbilt University,"2201 West End Ave, Nashville, TN 37203, United States","2201 West End Ave, Nashville, TN 37203, United States",08/02/2019,90.2,68.9,79.1,,93.3,0.9,,8.5,48.3,22.9,70.14,"Rain, Clear"
33,Vanderbilt University,"2201 West End Ave, Nashville, TN 37203, United States","2201 West End Ave, Nashville, TN 37203, United States",08/03/2019,90.2,70.2,77.9,,93.9,0.1,,8.8,,24.6,75.96,"Rain, Clear"
34,Vanderbilt University,"2201 West End Ave, Nashville, TN 37203, United States","2201 West End Ave, Nashville, TN 37203, United States",08/04/2019,87.5,69.9,74.7,,94.5,0.6,,14.4,,32.0,83.6,"Rain, Partially cloudy"
35,Vanderbilt University,"2201 West End Ave, Nashville, TN 37203, United States","2201 West End Ave, Nashville, TN 37203, United States",08/05/2019,89.7,67.0,77.5,,90.1,,,6.3,,18.1,71.68,Clear
36,Vanderbilt University,"2201 West End Ave, Nashville, TN 37203, United States","2201 West End Ave, Nashville, TN 37203, United States",08/06/2019,91.2,68.4,78.6,,95.5,0.5,,10.8,44.0,35.3,71.97,"Rain, Partially cloudy"
37,Vanderbilt University,"2201 West End Ave, Nashville, TN 37203, United States","2201 West End Ave, Nashville, TN 37203, United States",08/07/2019,88.5,66.4,77.8,,96.0,,,10.6,,38.7,76.51,Partially cloudy
38,Vanderbilt University,"2201 West End Ave, Nashville, TN 37203, United States","2201 West End Ave, Nashville, TN 37203, United States",08/08/2019,86.8,72.2,79.3,,92.6,,,5.8,,36.5,76.59,Partially cloudy
39,Vanderbilt University,"2201 West End Ave, Nashville, TN 37203, United States","2201 West End Ave, Nashville, TN 37203, United States",08/09/2019,88.6,75.9,81.4,,95.8,,,11.5,,40.8,75.51,Partially cloudy
40,Vanderbilt University,"2201 West End Ave, Nashville, TN 37203, United States","2201 West End Ave, Nashville, TN 37203, United States",08/10/2019,92.0,75.9,82.6,,96.5,,,10.1,,35.0,70.32,Partially cloudy
41,Vanderbilt University,"2201 West End Ave, Nashville, TN 37203, United States","2201 West End Ave, Nashville, TN 37203, United States",08/11/2019,91.6,67.7,79.8,,91.8,,,8.3,,21.6,66.47,Clear
42,Vanderbilt University,"2201 West End Ave, Nashville, TN 37203, United States","2201 West End Ave, Nashville, TN 37203, United States",08/12/2019,93.9,67.7,81.6,,101.4,,,7.7,,23.8,69.63,Clear
43,Vanderbilt University,"2201 West End Ave, Nashville, TN 37203, United States","2201 West End Ave, Nashville, TN 37203, United States",08/13/2019,96.5,75.0,82.1,,111.0,1.4,,15.5,33.1,30.3,79.05,"Rain, Partially cloudy"
44,Vanderbilt University,"2201 West End Ave, Nashville, TN 37203, United States","2201 West End Ave, Nashville, TN 37203, United States",08/14/2019,90.2,72.8,81.0,,93.4,,,10.6,,30.9,69.95,Partially cloudy
45,Vanderbilt University,"2201 West End Ave, Nashville, TN 37203, United States","2201 West End Ave, Nashville, TN 37203, United States",08/15/2019,90.1,67.3,78.0,,91.0,0.1,,11.7,,15.7,67.68,"Rain, Clear"
46,Vanderbilt University,"2201 West End Ave, Nashville, TN 37203, United States","2201 West End Ave, Nashville, TN 37203, United States",08/16/2019,89.4,64.6,77.4,,91.0,,,6.2,,19.2,68.51,Clear
47,Vanderbilt University,"2201 West End Ave, Nashville, TN 37203, United States","2201 West End Ave, Nashville, TN 37203, United States",08/17/2019,92.8,69.8,81.1,,96.8,,,7.9,,19.3,69.19,Clear
48,Vanderbilt University,"2201 West End Ave, Nashville, TN 37203, United States","2201 West End Ave, Nashville, TN 37203, United States",08/18/2019,95.0,69.9,82.4,,97.4,,,9.3,,19.9,66.38,Clear
49,Vanderbilt University,"2201 West End Ave, Nashville, TN 37203, United States","2201 West End Ave, Nashville, TN 37203, United States",08/19/2019,95.4,72.6,84.2,,100.6,,,6.2,,20.9,63.98,Clear
50,Vanderbilt University,"2201 West End Ave, Nashville, TN 37203, United States","2201 West End Ave, Nashville, TN 37203, United States",08/20/2019,93.5,73.4,81.6,,101.9,,,15.3,31.1,28.8,72.65,Partially cloudy
51,Vanderbilt University,"2201 West End Ave, Nashville, TN 37203, United States","2201 West End Ave, Nashville, TN 37203, United States",08/21/2019,94.7,71.1,82.6,,101.7,,,8.0,,23.2,69.88,Clear
52,Vanderbilt University,"2201 West End Ave, Nashville, TN 37203, United States","2201 West End Ave, Nashville, TN 37203, United States",08/22/2019,89.4,72.2,80.1,,94.9,0.2,,9.1,,31.9,76.62,"Rain, Partially cloudy"
53,Vanderbilt University,"2201 West End Ave, Nashville, TN 37203, United States","2201 West End Ave, Nashville, TN 37203, United States",08/23/2019,87.9,72.2,78.1,,93.7,,,10.8,,38.0,80.41,Partially cloudy
54,Vanderbilt University,"2201 West End Ave, Nashville, TN 37203, United States","2201 West End Ave, Nashville, TN 37203, United States",08/24/2019,83.8,70.0,75.9,,87.1,,,8.8,,41.1,71.86,Partially cloudy
55,Vanderbilt University,"2201 West End Ave, Nashville, TN 37203, United States","2201 West End Ave, Nashville, TN 37203, United States",08/25/2019,83.6,70.2,75.3,,88.9,0.7,,12.9,,41.9,81.35,"Rain, Partially cloudy"
56,Vanderbilt University,"2201 West End Ave, Nashville, TN 37203, United States","2201 West End Ave, Nashville, TN 37203, United States",08/26/2019,75.4,69.9,73.0,,,0.3,,13.1,,39.8,85.97,"Rain, Partially cloudy"
57,Vanderbilt University,"2201 West End Ave, Nashville, TN 37203, United States","2201 West End Ave, Nashville, TN 37203, United States",08/27/2019,86.4,72.2,77.7,,92.4,,,10.8,,40.0,80.21,Partially cloudy
58,Vanderbilt University,"2201 West End Ave, Nashville, TN 37203, United States","2201 West End Ave, Nashville, TN 37203, United States",08/28/2019,86.0,65.8,75.8,,85.6,,,13.4,,8.0,66.82,Clear
59,Vanderbilt University,"2201 West End Ave, Nashville, TN 37203, United States","2201 West End Ave, Nashville, TN 37203, United States",08/29/2019,84.9,57.5,71.7,,84.0,,,7.9,,6.0,66.92,Clear
60,Vanderbilt University,"2201 West End Ave, Nashville, TN 37203, United States","2201 West End Ave, Nashville, TN 37203, United States",08/30/2019,90.0,62.0,75.5,,88.2,,,7.8,,21.5,65.03,Clear
61,Vanderbilt University,"2201 West End Ave, Nashville, TN 37203, United States","2201 West End Ave, Nashville, TN 37203, United States",08/31/2019,90.3,64.6,77.4,,90.9,,,8.6,,22.2,65.52,Clear
62,Vanderbilt University,"2201 West End Ave, Nashville, TN 37203, United States","2201 West End Ave, Nashville, TN 37203, United States",09/01/2019,90.7,67.9,78.5,,94.8,,,10.9,,26.3,70.51,Partially cloudy
63,Vanderbilt University,"2201 West End Ave, Nashville, TN 37203, United States","2201 West End Ave, Nashville, TN 37203, United States",09/02/2019,91.7,69.1,79.6,,95.2,,,10.1,,14.2,70.36,Clear
64,Vanderbilt University,"2201 West End Ave, Nashville, TN 37203, United States","2201 West End Ave, Nashville, TN 37203, United States",09/03/2019,92.4,67.3,79.4,,93.8,,,8.2,,4.0,66.5,Clear
65,Vanderbilt University,"2201 West End Ave, Nashville, TN 37203, United States","2201 West End Ave, Nashville, TN 37203, United States",09/04/2019,95.0,67.3,81.1,,101.4,,,10.5,,13.8,69.01,Clear
66,Vanderbilt University,"2201 West End Ave, Nashville, TN 37203, United States","2201 West End Ave, Nashville, TN 37203, United States",09/05/2019,86.1,65.4,75.9,,85.6,,,13.0,,5.3,63.0,Clear
67,Vanderbilt University,"2201 West End Ave, Nashville, TN 37203, United States","2201 West End Ave, Nashville, TN 37203, United States",09/06/2019,91.3,62.1,77.2,,95.1,,,12.5,,9.4,64.64,Clear
68,Vanderbilt University,"2201 West End Ave, Nashville, TN 37203, United States","2201 West End Ave, Nashville, TN 37203, United States",09/07/2019,86.1,66.6,76.8,,86.1,,,9.9,,18.2,65.19,Clear
69,Vanderbilt University,"2201 West End Ave, Nashville, TN 37203, United States","2201 West End Ave, Nashville, TN 37203, United States",09/08/2019,88.3,62.6,75.6,,87.7,,,9.4,,10.8,63.97,Clear
70,Vanderbilt University,"2201 West End Ave, Nashville, TN 37203, United States","2201 West End Ave, Nashville, TN 37203, United States",09/09/2019,93.2,66.4,79.0,,94.4,,,11.8,,21.5,62.35,Clear
71,Vanderbilt University,"2201 West End Ave, Nashville, TN 37203, United States","2201 West End Ave, Nashville, TN 37203, United States",09/10/2019,97.3,70.1,80.4,,100.9,,,14.0,33.3,16.6,66.0,Clear
72,Vanderbilt University,"2201 West End Ave, Nashville, TN 37203, United States","2201 West End Ave, Nashville, TN 37203, United States",09/11/2019,95.8,70.3,82.0,,99.5,,,7.8,,23.0,66.89,Clear
73,Vanderbilt University,"2201 West End Ave, Nashville, TN 37203, United States","2201 West End Ave, Nashville, TN 37203, United States",09/12/2019,95.4,70.6,83.1,,99.6,,,6.5,,11.7,65.33,Clear
74,Vanderbilt University,"2201 West End Ave, Nashville, TN 37203, United States","2201 West End Ave, Nashville, TN 37203, United States",09/13/2019,96.8,72.4,84.2,,101.4,,,9.8,,24.6,63.79,Clear
75,Vanderbilt University,"2201 West End Ave, Nashville, TN 37203, United States","2201 West End Ave, Nashville, TN 37203, United States",09/14/2019,92.8,73.4,82.2,,95.0,,,11.4,,35.8,54.27,Partially cloudy
76,Vanderbilt University,"2201 West End Ave, Nashville, TN 37203, United States","2201 West End Ave, Nashville, TN 37203, United States",09/15/2019,96.0,65.8,81.0,,99.6,,,7.8,,28.1,58.08,Partially cloudy
77,Vanderbilt University,"2201 West End Ave, Nashville, TN 37203, United States","2201 West End Ave, Nashville, TN 37203, United States",09/16/2019,97.8,70.5,83.9,,98.3,,,7.9,,11.6,56.46,Clear
78,Vanderbilt University,"2201 West End Ave, Nashville, TN 37203, United States","2201 West End Ave, Nashville, TN 37203, United States",09/17/2019,94.9,72.7,83.4,,97.1,,,14.2,,24.0,57.02,Clear
79,Vanderbilt University,"2201 West End Ave, Nashville, TN 37203, United States","2201 West End Ave, Nashville, TN 37203, United States",09/18/2019,93.1,67.8,80.4,,93.4,,,9.6,,5.6,58.33,Clear
80,Vanderbilt University,"2201 West End Ave, Nashville, TN 37203, United States","2201 West End Ave, Nashville, TN 37203, United States",09/19/2019,90.7,68.9,79.2,,92.2,,,12.7,,16.2,60.07,Clear
81,Vanderbilt University,"2201 West End Ave, Nashville, TN 37203, United States","2201 West End Ave, Nashville, TN 37203, United States",09/20/2019,87.9,70.9,78.8,,87.3,,,13.1,,27.5,49.78,Partially cloudy
82,Vanderbilt University,"2201 West End Ave, Nashville, TN 37203, United States","2201 West End Ave, Nashville, TN 37203, United States",09/21/2019,90.6,66.4,78.0,,87.7,,,9.5,,16.7,48.84,Clear
83,Vanderbilt University,"2201 West End Ave, Nashville, TN 37203, United States","2201 West End Ave, Nashville, TN 37203, United States",09/22/2019,90.2,63.3,76.9,,87.9,,,14.9,,20.7,52.69,Clear
84,Vanderbilt University,"2201 West End Ave, Nashville, TN 37203, United States","2201 West End Ave, Nashville, TN 37203, United States",09/23/2019,86.2,69.8,77.6,,89.7,,,7.7,,38.0,61.8,Partially cloudy
85,Vanderbilt University,"2201 West End Ave, Nashville, TN 37203, United States","2201 West End Ave, Nashville, TN 37203, United States",09/24/2019,83.0,61.6,72.1,,80.8,,,10.6,,18.3,50.79,Clear
86,Vanderbilt University,"2201 West End Ave, Nashville, TN 37203, United States","2201 West End Ave, Nashville, TN 37203, United States",09/25/2019,89.8,57.8,73.1,,92.1,,,10.4,,33.0,65.25,Partially cloudy
87,Vanderbilt University,"2201 West End Ave, Nashville, TN 37203, United States","2201 West End Ave, Nashville, TN 37203, United States",09/26/2019,79.3,67.8,73.7,,,,,8.5,,33.9,82.46,Partially cloudy
88,Vanderbilt University,"2201 West End Ave, Nashville, TN 37203, United States","2201 West End Ave, Nashville, TN 37203, United States",09/27/2019,94.5,65.8,79.4,,96.1,,,12.3,,25.6,67.36,Partially cloudy
89,Vanderbilt University,"2201 West End Ave, Nashville, TN 37203, United States","2201 West End Ave, Nashville, TN 37203, United States",09/28/2019,92.4,72.5,82.0,,93.3,,,10.3,,31.9,58.39,Partially cloudy
90,Vanderbilt University,"2201 West End Ave, Nashville, TN 37203, United States","2201 West End Ave, Nashville, TN 37203, United States",09/29/2019,95.4,69.1,81.7,,97.5,,,7.2,,28.4,62.32,Partially cloudy
91,Vanderbilt University,"2201 West End Ave, Nashville, TN 37203, United States","2201 West End Ave, Nashville, TN 37203, United States",09/30/2019,96.6,70.3,82.2,,99.0,,,7.4,,22.3,63.61,Clear
0,Vanderbilt University,"2201 West End Ave, Nashville, TN 37203, United States","2201 West End Ave, Nashville, TN 37203, United States",10/01/2019,96.7,68.7,82.3,,98.2,,,8.6,,16.2,60.21,Clear
1,Vanderbilt University,"2201 West End Ave, Nashville, TN 37203, United States","2201 West End Ave, Nashville, TN 37203, United States",10/02/2019,96.9,68.0,81.9,,96.8,,,11.5,,9.1,58.38,Clear
2,Vanderbilt University,"2201 West End Ave, Nashville, TN 37203, United States","2201 West End Ave, Nashville, TN 37203, United States",10/03/2019,97.0,66.0,81.5,,98.1,,,12.6,,4.1,58.23,Clear
3,Vanderbilt University,"2201 West End Ave, Nashville, TN 37203, United States","2201 West End Ave, Nashville, TN 37203, United States",10/04/2019,83.1,65.1,74.0,,81.9,,,12.7,,17.6,52.18,Clear
4,Vanderbilt University,"2201 West End Ave, Nashville, TN 37203, United States","2201 West End Ave, Nashville, TN 37203, United States",10/05/2019,93.5,56.8,74.8,,91.8,,,13.4,,8.0,46.04,Clear
5,Vanderbilt University,"2201 West End Ave, Nashville, TN 37203, United States","2201 West End Ave, Nashville, TN 37203, United States",10/06/2019,79.2,67.6,73.5,,,0.5,,13.0,31.1,35.1,79.26,"Rain, Partially cloudy"
6,Vanderbilt University,"2201 West End Ave, Nashville, TN 37203, United States","2201 West End Ave, Nashville, TN 37203, United States",10/07/2019,67.0,56.2,61.7,,,1.6,,14.2,,39.5,86.57,"Rain, Partially cloudy"
7,Vanderbilt University,"2201 West End Ave, Nashville, TN 37203, United States","2201 West End Ave, Nashville, TN 37203, United States",10/08/2019,74.0,53.6,61.6,,,,,7.6,,27.8,75.14,Partially cloudy
8,Vanderbilt University,"2201 West End Ave, Nashville, TN 37203, United States","2201 West End Ave, Nashville, TN 37203, United States",10/09/2019,81.3,52.6,66.4,,81.6,,,6.8,,15.5,73.31,Clear
9,Vanderbilt University,"2201 West End Ave, Nashville, TN 37203, United States","2201 West End Ave, Nashville, TN 37203, United States",10/10/2019,81.8,62.6,71.6,,83.2,,,13.3,,28.0,73.4,Partially cloudy
10,Vanderbilt University,"2201 West End Ave, Nashville, TN 37203, United States","2201 West End Ave, Nashville, TN 37203, United States",10/11/2019,83.7,49.1,69.6,44.5,82.8,0.2,,17.3,31.1,36.0,68.28,"Rain, Partially cloudy"
11,Vanderbilt University,"2201 West End Ave, Nashville, TN 37203, United States","2201 West End Ave, Nashville, TN 37203, United States",10/12/2019,61.3,43.1,50.5,39.1,,0.1,,12.3,,16.2,62.85,"Rain, Clear"
12,Vanderbilt University,"2201 West End Ave, Nashville, TN 37203, United States","2201 West End Ave, Nashville, TN 37203, United States",10/13/2019,71.4,37.6,52.6,,,,,8.5,,7.1,65.85,Clear
13,Vanderbilt University,"2201 West End Ave, Nashville, TN 37203, United States","2201 West End Ave, Nashville, TN 37203, United States",10/14/2019,73.9,43.5,57.5,,,,,4.3,,12.5,65.4,Clear
14,Vanderbilt University,"2201 West End Ave, Nashville, TN 37203, United States","2201 West End Ave, Nashville, TN 37203, United States",10/15/2019,77.1,52.1,65.5,,,,,9.9,,35.0,71.0,Partially cloudy
15,Vanderbilt University,"2201 West End Ave, Nashville, TN 37203, United States","2201 West End Ave, Nashville, TN 37203, United States",10/16/2019,68.5,47.9,57.9,45.1,,0.3,,14.9,37.8,22.1,66.12,"Rain, Clear"
16,Vanderbilt University,"2201 West End Ave, Nashville, TN 37203, United States","2201 West End Ave, Nashville, TN 37203, United States",10/17/2019,61.3,40.4,50.5,44.2,,,,6.7,,8.9,67.61,Clear
17,Vanderbilt University,"2201 West End Ave, Nashville, TN 37203, United States","2201 West End Ave, Nashville, TN 37203, United States",10/18/2019,70.4,38.8,53.8,,,,,9.1,,13.6,65.3,Clear
18,Vanderbilt University,"2201 West End Ave, Nashville, TN 37203, United States","2201 West End Ave, Nashville, TN 37203, United States",10/19/2019,66.5,45.7,57.2,,,,,7.3,,21.5,77.94,Clear
19,Vanderbilt University,"2201 West End Ave, Nashville, TN 37203, United States","2201 West End Ave, Nashville, TN 37203, United States",10/20/2019,76.0,58.9,65.1,,,,,4.5,,18.6,73.82,Clear
20,Vanderbilt University,"2201 West End Ave, Nashville, TN 37203, United States","2201 West End Ave, Nashville, TN 37203, United States",10/21/2019,70.3,59.3,64.6,,,0.3,,14.8,29.8,32.2,84.9,"Rain, Partially cloudy"
21,Vanderbilt University,"2201 West End Ave, Nashville, TN 37203, United States","2201 West End Ave, Nashville, TN 37203, United States",10/22/2019,66.5,49.6,58.9,,,,,14.1,,14.5,61.0,Clear
22,Vanderbilt University,"2201 West End Ave, Nashville, TN 37203, United States","2201 West End Ave, Nashville, TN 37203, United States",10/23/2019,68.4,39.9,54.2,38.5,,,,6.6,,0.9,55.16,Clear
23,Vanderbilt University,"2201 West End Ave, Nashville, TN 37203, United States","2201 West End Ave, Nashville, TN 37203, United States",10/24/2019,72.2,40.5,55.1,,,,,8.2,,3.6,60.82,Clear
24,Vanderbilt University,"2201 West End Ave, Nashville, TN 37203, United States","2201 West End Ave, Nashville, TN 37203, United States",10/25/2019,59.6,48.2,54.3,,,0.3,,8.6,,4.2,86.46,"Rain, Clear"
25,Vanderbilt University,"2201 West End Ave, Nashville, TN 37203, United States","2201 West End Ave, Nashville, TN 37203, United States",10/26/2019,74.0,58.0,66.0,,,1.2,,23.5,46.3,30.9,87.19,"Rain, Partially cloudy"
26,Vanderbilt University,"2201 West End Ave, Nashville, TN 37203, United States","2201 West End Ave, Nashville, TN 37203, United States",10/27/2019,61.3,50.4,57.0,,,,,9.4,,29.7,84.98,Partially cloudy
27,Vanderbilt University,"2201 West End Ave, Nashville, TN 37203, United States","2201 West End Ave, Nashville, TN 37203, United States",10/28/2019,63.6,47.1,54.3,,,,,5.3,,19.7,88.93,Clear
28,Vanderbilt University,"2201 West End Ave, Nashville, TN 37203, United States","2201 West End Ave, Nashville, TN 37203, United States",10/29/2019,61.3,50.7,56.9,,,,,5.9,,30.9,83.26,Partially cloudy
29,Vanderbilt University,"2201 West End Ave, Nashville, TN 37203, United States","2201 West End Ave, Nashville, TN 37203, United States",10/30/2019,67.1,55.9,60.9,,,0.6,,8.8,,41.2,92.32,"Rain, Partially cloudy"
30,Vanderbilt University,"2201 West End Ave, Nashville, TN 37203, United States","2201 West End Ave, Nashville, TN 37203, United States",10/31/2019,65.4,34.7,46.5,29.5,,0.9,,17.3,38.1,34.7,80.55,"Rain, Partially cloudy"
31,Vanderbilt University,"2201 West End Ave, Nashville, TN 37203, United States","2201 West End Ave, Nashville, TN 37203, United States",11/01/2019,50.1,28.9,38.2,43.4,,,,5.1,,3.3,69.74,Clear
32,Vanderbilt University,"2201 West End Ave, Nashville, TN 37203, United States","2201 West End Ave, Nashville, TN 37203, United States",11/02/2019,56.3,27.8,41.3,,,,,11.2,,3.5,70.69,Clear
33,Vanderbilt University,"2201 West End Ave, Nashville, TN 37203, United States","2201 West End Ave, Nashville, TN 37203, United States",11/03/2019,58.0,29.3,43.2,32.0,,,,6.0,,2.1,68.53,Clear
34,Vanderbilt University,"2201 West End Ave, Nashville, TN 37203, United States","2201 West End Ave, Nashville, TN 37203, United States",11/04/2019,64.3,32.7,48.0,41.7,,,,12.3,,14.7,62.53,Clear
35,Vanderbilt University,"2201 West End Ave, Nashville, TN 37203, United States","2201 West End Ave, Nashville, TN 37203, United States",11/05/2019,61.6,40.9,49.8,47.1,,,,8.5,,7.8,72.67,Clear
36,Vanderbilt University,"2201 West End Ave, Nashville, TN 37203, United States","2201 West End Ave, Nashville, TN 37203, United States",11/06/2019,70.3,35.4,53.5,41.0,,,,5.5,,5.1,65.41,Clear
37,Vanderbilt University,"2201 West End Ave, Nashville, TN 37203, United States","2201 West End Ave, Nashville, TN 37203, United States",11/07/2019,56.8,39.5,48.6,31.8,,0.4,,14.9,29.8,3.2,82.02,"Rain, Clear"
38,Vanderbilt University,"2201 West End Ave, Nashville, TN 37203, United States","2201 West End Ave, Nashville, TN 37203, United States",11/08/2019,42.2,27.9,35.1,20.6,,0.3,,12.4,,11.4,63.18,"Rain, Clear"
39,Vanderbilt University,"2201 West End Ave, Nashville, TN 37203, United States","2201 West End Ave, Nashville, TN 37203, United States",11/09/2019,56.1,24.2,40.0,23.2,,1.0,,8.3,,7.1,59.48,"Rain, Clear"
40,Vanderbilt University,"2201 West End Ave, Nashville, TN 37203, United States","2201 West End Ave, Nashville, TN 37203, United States",11/10/2019,68.0,38.0,52.5,36.1,,0.3,,14.8,,2.7,51.76,"Rain, Clear"
41,Vanderbilt University,"2201 West End Ave, Nashville, TN 37203, United States","2201 West End Ave, Nashville, TN 37203, United States",11/11/2019,63.8,29.5,48.1,19.2,,0.3,,16.3,31.1,0.9,76.93,"Rain, Clear"
42,Vanderbilt University,"2201 West End Ave, Nashville, TN 37203, United States","2201 West End Ave, Nashville, TN 37203, United States",11/12/2019,27.7,17.1,23.2,4.3,,0.1,,20.2,34.4,5.2,62.64,"Rain, Clear"
43,Vanderbilt University,"2201 West End Ave, Nashville, TN 37203, United States","2201 West End Ave, Nashville, TN 37203, United States",11/13/2019,43.0,15.2,28.2,8.4,,0.1,,8.7,,7.1,64.27,"Rain, Clear"
44,Vanderbilt University,"2201 West End Ave, Nashville, TN 37203, United States","2201 West End Ave, Nashville, TN 37203, United States",11/14/2019,51.5,26.3,38.7,34.0,,,,7.8,,9.6,59.48,Clear
45,Vanderbilt University,"2201 West End Ave, Nashville, TN 37203, United States","2201 West End Ave, Nashville, TN 37203, United States",11/15/2019,48.5,31.8,37.7,26.7,,,,10.6,,2.7,61.99,Clear
46,Vanderbilt University,"2201 West End Ave, Nashville, TN 37203, United States","2201 West End Ave, Nashville, TN 37203, United States",11/16/2019,54.5,29.0,40.1,23.4,,,,10.1,,3.6,63.39,Clear
47,Vanderbilt University,"2201 West End Ave, Nashville, TN 37203, United States","2201 West End Ave, Nashville, TN 37203, United States",11/17/2019,55.7,26.4,40.8,49.1,,,,4.6,,1.5,71.98,Clear
48,Vanderbilt University,"2201 West End Ave, Nashville, TN 37203, United States","2201 West End Ave, Nashville, TN 37203, United States",11/18/2019,50.8,38.8,44.2,35.3,,,,9.5,,5.9,70.9,Clear
49,Vanderbilt University,"2201 West End Ave, Nashville, TN 37203, United States","2201 West End Ave, Nashville, TN 37203, United States",11/19/2019,63.6,41.0,49.7,45.6,,,,16.4,31.1,8.2,66.78,Clear
50,Vanderbilt University,"2201 West End Ave, Nashville, TN 37203, United States","2201 West End Ave, Nashville, TN 37203, United States",11/20/2019,59.5,32.4,45.7,48.6,,,,5.5,,5.0,72.09,Clear
51,Vanderbilt University,"2201 West End Ave, Nashville, TN 37203, United States","2201 West End Ave, Nashville, TN 37203, United States",11/21/2019,62.8,43.5,54.9,,,,,13.1,,5.1,58.21,Clear
52,Vanderbilt University,"2201 West End Ave, Nashville, TN 37203, United States","2201 West End Ave, Nashville, TN 37203, United States",11/22/2019,58.4,48.1,51.1,44.3,,1.2,,12.2,,,86.25,"Rain, Clear"
53,Vanderbilt University,"2201 West End Ave, Nashville, TN 37203, United States","2201 West End Ave, Nashville, TN 37203, United States",11/23/2019,49.6,41.1,45.6,34.7,,0.4,,14.9,29.8,,90.04,"Rain, Clear"
54,Vanderbilt University,"2201 West End Ave, Nashville, TN 37203, United States","2201 West End Ave, Nashville, TN 37203, United States",11/24/2019,52.6,35.4,43.5,34.5,,,,8.3,,4.1,71.29,Clear
55,Vanderbilt University,"2201 West End Ave, Nashville, TN 37203, United States","2201 West End Ave, Nashville, TN 37203, United States",11/25/2019,63.2,33.0,48.0,34.4,,0.1,,10.3,,1.8,68.97,"Rain, Clear"
56,Vanderbilt University,"2201 West End Ave, Nashville, TN 37203, United States","2201 West End Ave, Nashville, TN 37203, United States",11/26/2019,62.8,45.1,54.4,43.4,,0.7,,16.0,,8.2,74.85,"Rain, Clear"
57,Vanderbilt University,"2201 West End Ave, Nashville, TN 37203, United States","2201 West End Ave, Nashville, TN 37203, United States",11/27/2019,66.5,41.7,55.7,37.5,,0.6,,19.5,45.9,9.7,55.46,"Rain, Clear"
58,Vanderbilt University,"2201 West End Ave, Nashville, TN 37203, United States","2201 West End Ave, Nashville, TN 37203, United States",11/28/2019,47.3,34.6,41.9,30.8,,,,8.7,,7.0,68.02,Clear
59,Vanderbilt University,"2201 West End Ave, Nashville, TN 37203, United States","2201 West End Ave, Nashville, TN 37203, United States",11/29/2019,52.3,43.6,48.3,41.4,,,,6.2,,,67.02,Clear
60,Vanderbilt University,"2201 West End Ave, Nashville, TN 37203, United States","2201 West End Ave, Nashville, TN 37203, United States",11/30/2019,62.8,50.5,57.8,,,1.4,,12.9,42.5,0.7,80.29,"Rain, Clear"
61,Vanderbilt University,"2201 West End Ave, Nashville, TN 37203, United States","2201 West End Ave, Nashville, TN 37203, United States",12/01/2019,63.8,42.8,51.1,35.8,,,,17.1,36.7,50.4,54.85,Partially cloudy
62,Vanderbilt University,"2201 West End Ave, Nashville, TN 37203, United States","2201 West End Ave, Nashville, TN 37203, United States",12/02/2019,41.4,34.2,37.3,26.4,,,,17.7,25.4,81.8,71.11,Overcast
63,Vanderbilt University,"2201 West End Ave, Nashville, TN 37203, United States","2201 West End Ave, Nashville, TN 37203, United States",12/03/2019,45.8,32.1,38.5,30.6,,,,7.9,12.8,41.0,66.48,Partially cloudy
64,Vanderbilt University,"2201 West End Ave, Nashville, TN 37203, United States","2201 West End Ave, Nashville, TN 37203, United States",12/04/2019,59.7,37.4,46.8,33.7,,,,11.1,16.5,3.7,54.41,Clear
65,Vanderbilt University,"2201 West End Ave, Nashville, TN 37203, United States","2201 West End Ave, Nashville, TN 37203, United States",12/05/2019,62.7,33.6,49.0,43.4,,,,7.9,13.9,20.7,55.94,Clear
66,Vanderbilt University,"2201 West End Ave, Nashville, TN 37203, United States","2201 West End Ave, Nashville, TN 37203, United States",12/06/2019,54.6,48.3,51.2,46.4,,,,6.9,,68.9,65.42,Partially cloudy
67,Vanderbilt University,"2201 West End Ave, Nashville, TN 37203, United States","2201 West End Ave, Nashville, TN 37203, United States",12/07/2019,55.9,39.2,47.1,39.6,,,,8.8,,52.4,79.28,Partially cloudy
68,Vanderbilt University,"2201 West End Ave, Nashville, TN 37203, United States","2201 West End Ave, Nashville, TN 37203, United States",12/08/2019,62.3,35.5,50.3,45.7,,,,15.5,26.4,68.5,71.75,Partially cloudy
69,Vanderbilt University,"2201 West End Ave, Nashville, TN 37203, United States","2201 West End Ave, Nashville, TN 37203, United States",12/09/2019,67.4,57.0,61.6,,,0.4,,19.1,34.4,83.9,71.44,"Rain, Overcast"
70,Vanderbilt University,"2201 West End Ave, Nashville, TN 37203, United States","2201 West End Ave, Nashville, TN 37203, United States",12/10/2019,62.5,30.8,39.0,26.5,,0.1,,18.1,24.4,55.9,68.69,"Rain, Partially cloudy"
71,Vanderbilt University,"2201 West End Ave, Nashville, TN 37203, United States","2201 West End Ave, Nashville, TN 37203, United States",12/11/2019,47.2,24.7,34.3,24.4,,,,4.7,,2.5,64.29,Clear
72,Vanderbilt University,"2201 West End Ave, Nashville, TN 37203, United States","2201 West End Ave, Nashville, TN 37203, United States",12/12/2019,55.5,26.3,41.2,22.5,,,,10.2,19.3,34.1,59.47,Partially cloudy
73,Vanderbilt University,"2201 West End Ave, Nashville, TN 37203, United States","2201 West End Ave, Nashville, TN 37203, United States",12/13/2019,49.9,45.1,46.4,41.8,,0.1,,11.6,20.8,89.7,84.81,"Rain, Overcast"
74,Vanderbilt University,"2201 West End Ave, Nashville, TN 37203, United States","2201 West End Ave, Nashville, TN 37203, United States",12/14/2019,50.4,43.6,46.0,38.4,,,,9.4,12.8,82.5,81.41,Overcast
75,Vanderbilt University,"2201 West End Ave, Nashville, TN 37203, United States","2201 West End Ave, Nashville, TN 37203, United States",12/15/2019,58.8,39.5,46.2,34.2,,,,20.6,34.1,79.6,77.69,Overcast
76,Vanderbilt University,"2201 West End Ave, Nashville, TN 37203, United States","2201 West End Ave, Nashville, TN 37203, United States",12/16/2019,61.6,43.7,51.2,39.9,,0.9,,12.9,32.2,85.3,91.57,"Rain, Overcast"
77,Vanderbilt University,"2201 West End Ave, Nashville, TN 37203, United States","2201 West End Ave, Nashville, TN 37203, United States",12/17/2019,43.0,30.7,35.6,24.8,,,,16.3,23.0,70.9,84.21,Partially cloudy
78,Vanderbilt University,"2201 West End Ave, Nashville, TN 37203, United States","2201 West End Ave, Nashville, TN 37203, United States",12/18/2019,34.4,25.0,29.6,21.1,,,,9.0,19.7,57.7,81.56,Partially cloudy
79,Vanderbilt University,"2201 West End Ave, Nashville, TN 37203, United States","2201 West End Ave, Nashville, TN 37203, United States",12/19/2019,46.6,22.7,32.7,19.7,,0.1,,5.7,,,64.78,"Rain, Clear"
80,Vanderbilt University,"2201 West End Ave, Nashville, TN 37203, United States","2201 West End Ave, Nashville, TN 37203, United States",12/20/2019,50.8,25.4,37.8,43.4,,0.1,,6.0,,17.6,69.92,"Rain, Clear"
81,Vanderbilt University,"2201 West End Ave, Nashville, TN 37203, United States","2201 West End Ave, Nashville, TN 37203, United States",12/21/2019,52.7,36.9,44.2,45.2,,0.2,,4.5,,44.3,65.32,"Rain, Partially cloudy"
82,Vanderbilt University,"2201 West End Ave, Nashville, TN 37203, United States","2201 West End Ave, Nashville, TN 37203, United States",12/22/2019,49.8,42.1,46.4,44.9,,0.2,,5.8,,48.2,73.76,"Rain, Partially cloudy"
83,Vanderbilt University,"2201 West End Ave, Nashville, TN 37203, United States","2201 West End Ave, Nashville, TN 37203, United States",12/23/2019,67.9,48.6,55.2,46.2,,0.1,,12.8,23.0,34.0,57.73,"Rain, Partially cloudy"
84,Vanderbilt University,"2201 West End Ave, Nashville, TN 37203, United States","2201 West End Ave, Nashville, TN 37203, United States",12/24/2019,68.4,37.0,51.0,45.3,,,,5.0,,15.8,65.67,Clear
85,Vanderbilt University,"2201 West End Ave, Nashville, TN 37203, United States","2201 West End Ave, Nashville, TN 37203, United States",12/25/2019,68.4,38.9,52.6,,,,,11.2,16.1,19.1,77.62,Clear
86,Vanderbilt University,"2201 West End Ave, Nashville, TN 37203, United States","2201 West End Ave, Nashville, TN 37203, United States",12/26/2019,63.2,47.0,54.9,,,,,5.0,,65.9,73.69,Partially cloudy
87,Vanderbilt University,"2201 West End Ave, Nashville, TN 37203, United States","2201 West End Ave, Nashville, TN 37203, United States",12/27/2019,62.4,51.6,56.2,,,,,5.6,,53.6,86.67,Partially cloudy
88,Vanderbilt University,"2201 West End Ave, Nashville, TN 37203, United States","2201 West End Ave, Nashville, TN 37203, United States",12/28/2019,71.7,48.7,59.7,,,,,14.0,29.0,70.9,83.01,Partially cloudy
89,Vanderbilt University,"2201 West End Ave, Nashville, TN 37203, United States","2201 West End Ave, Nashville, TN 37203, United States",12/29/2019,66.4,55.4,61.9,,,1.2,,16.0,26.4,72.1,91.24,"Rain, Partially cloudy"
90,Vanderbilt University,"2201 West End Ave, Nashville, TN 37203, United States","2201 West End Ave, Nashville, TN 37203, United States",12/30/2019,53.6,43.3,48.1,36.8,,,,16.2,26.0,49.6,60.22,Partially cloudy
91,Vanderbilt University,"2201 West End Ave, Nashville, TN 37203, United States","2201 West End Ave, Nashville, TN 37203, United States",12/31/2019,50.2,39.3,43.5,30.4,,,,16.8,25.3,45.9,51.28,Partially cloudy
